{"name":"55c6facf-7eec-4f5d-bf09-aedc23d8d09a","id":"/providers/Microsoft.Flow/flows/55c6facf-7eec-4f5d-bf09-aedc23d8d09a","type":"Microsoft.Flow/flows","properties":{"apiId":"/providers/Microsoft.PowerApps/apis/shared_logicflows","displayName":"Flujo_Creacion_Usuario","definition":{"metadata":{"workflowEntityId":null,"processAdvisorMetadata":null,"flowclientsuspensionreason":"BillingConsumption","flowclientsuspensiontime":"2022-04-24T01:24:46.2639134Z","creator":{"id":"ff0dc6d0-3321-4e93-bc66-ee95ee0e6b72","type":"User","tenantId":"aed8c5fc-8a52-4ad1-819d-93b2e9c562b4"},"provisioningMethod":"FromDefinition","failureAlertSubscription":true,"clientLastModifiedTime":"2022-04-24T01:24:46.2639134Z"},"$schema":"https://schema.management.azure.com/providers/Microsoft.Logic/schemas/2016-06-01/workflowdefinition.json#","contentVersion":"1.0.0.0","parameters":{"$connections":{"defaultValue":{},"type":"Object"},"$authentication":{"defaultValue":{},"type":"SecureObject"}},"triggers":{"Cuando_se_modifica_un_elemento_o_un_archivo":{"recurrence":{"frequency":"Minute","interval":1},"splitOn":"@triggerOutputs()?['body/value']","metadata":{"operationMetadataId":"26e08770-83e0-4235-a9f9-96caf6603c2e"},"type":"OpenApiConnection","inputs":{"host":{"apiId":"/providers/Microsoft.PowerApps/apis/shared_sharepointonline","connectionName":"shared_sharepointonline","operationId":"GetOnChangedItems"},"parameters":{"dataset":"https://edemco.sharepoint.com/sites/TecnologiaEDEMCO","table":"0d7e716e-020f-4e4c-8766-898bc2502284"},"authentication":"@parameters('$authentication')"}}},"actions":{"Condición":{"actions":{"Ejecutar_un_flujo_creado_con_Power_Automate_para_escritorio_2":{"runAfter":{},"metadata":{"operationMetadataId":"8d74cfcc-7bb4-4eb3-8865-f6252f92b1d2"},"type":"OpenApiConnection","inputs":{"host":{"apiId":"/providers/Microsoft.PowerApps/apis/shared_uiflow","connectionName":"shared_uiflow_1","operationId":"RunUIFlow_V2"},"parameters":{"uiFlowId":"223c0c85-3e61-4ff5-85cf-b442d9d5477f","runMode":"attended","item/Grupo":"@triggerOutputs()?['body/Grupo_x0020_Perteneciente/Value']","item/SubGrupo":"@triggerOutputs()?['body/Sub_x0020_Grupo/Value']","item/Nombre":"@triggerOutputs()?['body/Nombre']","item/Apellido":"@triggerOutputs()?['body/Apellido']","item/Usuario":"@triggerOutputs()?['body/Nombre_x0020_de_x0020_Usuario']","item/Cargo":"@triggerOutputs()?['body/Cargo_x0020_Asignado/Value']","item/Contrasena":"@triggerOutputs()?['body/Contrasena_anual']","item/Nivel_Office":"@triggerOutputs()?['body/Nivel_x0020_Office/Value']","item/Sub_Sub_Nivel":"@triggerOutputs()?['body/Sub_x0020_Nivel_x0020_2_x0020_Gr/Value']","x-ms-flow-trusted-access":true},"authentication":"@parameters('$authentication')"}},"Repetir_hasta":{"actions":{"Obtener_usuario":{"runAfter":{},"metadata":{"operationMetadataId":"9ce673c8-0243-4709-8e96-b7f3c447b79d"},"type":"OpenApiConnection","inputs":{"host":{"apiId":"/providers/Microsoft.PowerApps/apis/shared_azuread","connectionName":"shared_azuread","operationId":"GetUser"},"parameters":{"id":"@concat(triggerOutputs()?['body/Nombre_x0020_de_x0020_Usuario'],string('@'),string(triggerOutputs()?['body/Dominio/Value']))"},"authentication":"@parameters('$authentication')"}},"Condición_2":{"actions":{"Enviar_correo_electrónico_(V2)":{"runAfter":{},"metadata":{"operationMetadataId":"0f9693c2-5ff5-4f12-b2ce-de9f231a90bb"},"type":"OpenApiConnection","inputs":{"host":{"apiId":"/providers/Microsoft.PowerApps/apis/shared_office365","connectionName":"shared_office365","operationId":"SendEmailV2"},"parameters":{"emailMessage/To":"@triggerOutputs()?['body/Correo_x0020_Electr_x00f3_nico_x']","emailMessage/Subject":"Se ha creado su usuario Edemco","emailMessage/Body":"<p>Hola, @{triggerOutputs()?['body/Nombre']}.<br>\nSe ha creado su usuario edemco con las siguientes caracteristicas:<br>\n<strong>Usuario</strong>: @{triggerOutputs()?['body/Nombre_x0020_de_x0020_Usuario']}@{string('@')}@{triggerOutputs()?['body/Dominio/Value']}<br>\n<strong>Contraseña</strong>: @{triggerOutputs()?['body/Contrasena_anual']}<br>\n<br>\nPara iniciar sesion click <a href=\"https://www.office.com/?auth=2\">aqui</a><br>\n<a href=\"\"><br>\n</a><br>\n<br>\n&nbsp;</p>"},"authentication":"@parameters('$authentication')"}},"Agregar_usuario_a_un_grupo":{"runAfter":{"Enviar_correo_electrónico_(V2)":["Succeeded"]},"metadata":{"operationMetadataId":"8fecfa96-c0f4-404d-acdd-b2499abc2892"},"type":"OpenApiConnection","inputs":{"host":{"apiId":"/providers/Microsoft.PowerApps/apis/shared_azuread","connectionName":"shared_azuread","operationId":"AddUserToGroup"},"parameters":{"id":"@string('56267a95-7c66-4eee-a20e-8bdc3343b685')","body/@odata.id":"@outputs('Obtener_usuario')?['body/id']"},"authentication":"@parameters('$authentication')"}},"Incrementar_variable":{"runAfter":{"Agregar_usuario_a_un_grupo":["Succeeded"]},"metadata":{"operationMetadataId":"331fce28-7811-4a44-8744-390d78cd9d6b"},"type":"IncrementVariable","inputs":{"name":"Usuario_encontrado","value":"@int(1)"}}},"runAfter":{"Retraso":["Succeeded"]},"expression":{"greater":["@length(outputs('Obtener_usuario')?['body/displayName'])","@int(2)"]},"metadata":{"operationMetadataId":"decad384-fef3-4b87-a591-773cd7ff8bd8"},"type":"If"},"Retraso":{"runAfter":{"Obtener_usuario":["Succeeded"]},"metadata":{"operationMetadataId":"5a83fb69-1b32-474f-8c53-cb25a6a59458"},"type":"Wait","inputs":{"interval":{"count":"@int(1)","unit":"Minute"}}}},"runAfter":{"Ejecutar_un_flujo_creado_con_Power_Automate_para_escritorio_2":["Succeeded"]},"expression":"@equals(variables('Usuario_encontrado'), int(1))","limit":{"count":30,"timeout":"PT35M"},"metadata":{"operationMetadataId":"fd00a565-ae2e-4a25-8a8c-10bbaf857ec1"},"type":"Until"},"Condición_3":{"actions":{"Enviar_correo_electrónico_(V2)_2":{"runAfter":{},"metadata":{"operationMetadataId":"0f9693c2-5ff5-4f12-b2ce-de9f231a90bb"},"type":"OpenApiConnection","inputs":{"host":{"apiId":"/providers/Microsoft.PowerApps/apis/shared_office365","connectionName":"shared_office365","operationId":"SendEmailV2"},"parameters":{"emailMessage/To":"@triggerOutputs()?['body/Editor/Email']","emailMessage/Subject":"Se ha creado el usuario @{triggerOutputs()?['body/Nombre_x0020_de_x0020_Usuario']}","emailMessage/Body":"<p>Este es un mensaje para coffirmar el buen funciomamiento de la automatizacion.<br>\n<br>\nSe ha creado su usuario edemco con las siguientes caracteristicas:<br>\n<strong>Usuario</strong>: @{triggerOutputs()?['body/Nombre_x0020_de_x0020_Usuario']}@{string('@')}@{triggerOutputs()?['body/Dominio/Value']}<br>\n<strong>Contraseña</strong>: @{triggerOutputs()?['body/Contrasena_anual']}<br>\n<br>\n<a href=\"\"><br>\n</a><br>\n<br>\n&nbsp;</p>"},"authentication":"@parameters('$authentication')"}}},"runAfter":{"Repetir_hasta":["Succeeded"]},"else":{"actions":{"Enviar_correo_electrónico_(V2)_3":{"runAfter":{},"metadata":{"operationMetadataId":"0f9693c2-5ff5-4f12-b2ce-de9f231a90bb"},"type":"OpenApiConnection","inputs":{"host":{"apiId":"/providers/Microsoft.PowerApps/apis/shared_office365","connectionName":"shared_office365","operationId":"SendEmailV2"},"parameters":{"emailMessage/To":"@triggerOutputs()?['body/Editor/Email']","emailMessage/Subject":"Problemas en la creacion del usuario @{triggerOutputs()?['body/Nombre_x0020_de_x0020_Usuario']}","emailMessage/Body":"<p>Este es un mensaje para coffirmar el buen funciomamiento de la automatizacion.<br>\n<br>\nSe ha presentado un problema en la creacion del usuario<br>\n<strong>Usuario</strong>: @{triggerOutputs()?['body/Nombre_x0020_de_x0020_Usuario']}@{string('@')}@{triggerOutputs()?['body/Dominio/Value']}<br>\nFavor crear el usuario de forma manual e identifciar la falla.<br>\n<a href=\"\"><br>\n</a><br>\n<br>\n&nbsp;</p>"},"authentication":"@parameters('$authentication')"}}}},"expression":{"equals":["@variables('Usuario_encontrado')","@int(1)"]},"metadata":{"operationMetadataId":"4559e995-2adc-4e0b-a237-5aa68a4aa89f"},"type":"If"}},"runAfter":{"Inicializar_variable":["Succeeded"]},"expression":{"greater":["@length(triggerOutputs()?['body/Nombre_x0020_de_x0020_Usuario'])","@int(2)"]},"metadata":{"operationMetadataId":"0542e29e-c871-4db6-9116-88c2eaba4e46"},"type":"If"},"Inicializar_variable":{"runAfter":{},"metadata":{"operationMetadataId":"0b8e5718-a927-4343-8e67-7f9c7db2c1a9"},"type":"InitializeVariable","inputs":{"variables":[{"name":"Usuario_encontrado","type":"integer","value":"@int(0)"}]}}}},"connectionReferences":{"shared_uiflow_1":{"connectionName":"shared-uiflow-43928c69-49d9-44f6-af4d-ba86b2eaae99","source":"Embedded","id":"/providers/Microsoft.PowerApps/apis/shared_uiflow","tier":"NotSpecified"},"shared_azuread":{"connectionName":"shared-azuread-e11b0ee4-fb32-422c-b14d-da91ad2618b0","source":"Embedded","id":"/providers/Microsoft.PowerApps/apis/shared_azuread","tier":"NotSpecified"},"shared_office365":{"connectionName":"shared-office365-072961fe-7b4a-4db2-9c02-5c22-befb224f","source":"Embedded","id":"/providers/Microsoft.PowerApps/apis/shared_office365","tier":"NotSpecified"},"shared_sharepointonline":{"connectionName":"shared-sharepointonl-a40fbb84-e49e-4956-be67-0e4d-5a2d17b6","source":"Embedded","id":"/providers/Microsoft.PowerApps/apis/shared_sharepointonline","tier":"NotSpecified"}},"flowFailureAlertSubscribed":false,"isManaged":false}}